id,text,rating,date,source,app
e439b465-4df9-4ee8-8574-dfba7aaad9a1,sokong sebab fami,5,2026-06-12 04:30:45,play_store,TIMESelfCare
09b95148-db2e-4ff5-b39e-8c5960fc03c0,"the payment is not up to date when it's due, suddenly i have to pay 2 months billing",1,2026-06-12 02:02:38,play_store,TIMESelfCare
375b0e43-40b8-4e51-a114-0c4a51af48c1,lepas update app dah tak boleh manage wifi macam parental controls. tak boleh schedule internet lagi.,1,2026-06-10 11:48:04,play_store,TIMESelfCare
2655fd9e-8de0-484e-a976-c5e368896712,"Sometimes i cant log in, and the screen goes blank everytime during payment. Major improvements are needed. Very bad exprience",1,2026-06-05 00:39:54,play_store,TIMESelfCare
b56da905-38d2-4a04-85d6-86b5b1c3dc39,Has anyone noticed your bill recently increased/rounded up to nearest cents? After almost 6 years. I would like to know by show of hands/likes.,3,2026-06-02 06:16:56,play_store,TIMESelfCare
4957b01a-3bd0-4c0a-af38-350530dc204a,it sucks it doesn't show my full bill details and the live chat isn't working!!,1,2026-05-30 11:32:03,play_store,TIMESelfCare
a3c44d60-5f32-44a4-ae76-dfef69fa5cb6,stupid app. earlier version is much better and user friendly,1,2026-05-29 12:36:21,play_store,TIMESelfCare
2c6b60de-a531-4083-bdbc-189e5bf2a7b0,Good ui,5,2026-05-29 05:44:15,play_store,TIMESelfCare
62c3d857-e319-4a1b-bdbe-1e952fffcc56,😱.... the new updated app screwed up big time. Can't check devices connected to the router. The new interface is so so horrible to use. 👎 The old app is top notch.,1,2026-05-28 13:20:31,play_store,TIMESelfCare
f5119df0-68cd-45bd-b387-8a8047dd165c,"Old apps are excellent.. after updating the new app, parental controls not working and unable to change the schedule.. apps become rubbish.",1,2026-05-27 03:15:25,play_store,TIMESelfCare
1e9f55f0-6c5b-4efd-a0dd-2964dc8eb5f3,Wifi Manager is useless now. I can't manage my router at all with this app. It keeps saying the optical gateway is offline.,1,2026-05-26 14:19:05,play_store,TIMESelfCare
c582df36-b57b-4b44-9e45-e970018f7cbe,"Worst updated apps, previous one is better. latest apps cannot add/update parental control. cannot whitelist a device. blocklist are useless & automatic unblock its self",2,2026-05-25 19:34:59,play_store,TIMESelfCare
dea2d030-31a5-4b8d-a6fa-7546187a5976,After upgrading the app it is disallowed to set parental control. what happen? upgrade not to improve but to downgrade?!!,1,2026-05-25 10:53:23,play_store,TIMESelfCare
145f959e-61ed-4753-9426-a0317218e4e7,Fastest internet with the most stupid app.no other app asked me to dload chrome or firefox just to make a payment.just fire the whole ui/ux team,1,2026-05-25 01:36:01,play_store,TIMESelfCare
b931564d-7846-4f69-b445-9e72f846e32f,slow AF,1,2026-05-24 02:21:54,play_store,TIMESelfCare
ddf23eaf-6980-4a23-8a54-d271e328610d,"The app is unusable; it takes ages to log in and then even longer to browse. I'm scared to make any payments because it might get stuck, and later they will say, ""Sorry, it will take 30 days to do anything."" it was much better before until they so launched email id login thing.",1,2026-05-24 01:58:12,play_store,TIMESelfCare
1cf373ce-69b3-40fd-a2ae-ae366b53ec0d,prefer previous version,1,2026-05-23 07:14:47,play_store,TIMESelfCare
3854d022-9a82-417b-b2ca-5d388a77619d,what's wrong with your app? you make paying bill difficult. i have to download a browser which was already available or you display a qr code which have to screenshot to be accessed by ewallet.,2,2026-05-21 01:03:01,play_store,TIMESelfCare
e7b176af-d316-4b9b-8d74-68e9748b5aad,"Do not sign up for this internet service. I had an incredibly frustrating experience with their restrictive and unfair contract terms. If you sign a two-year contract and need to terminate it early—even for a legitimate reason like relocating outside of Malaysia they make cancellation nearly impossible. They refuse to let you terminate service mid-month, and they demand an exorbitant early termination penalty fee of RM2,000 or more. Their contract conditions are highly unreasonable and exploitat",1,2026-05-20 16:50:06,play_store,TIMESelfCare
594ea6d8-6e76-4ddf-90a7-ca7545fa99df,Excellent & Reliable,5,2026-05-20 02:38:22,play_store,TIMESelfCare
613660cc-52a6-41e2-91da-160f44e64826,stupid app and worse update ever. i want to make payment but so many restrichment,1,2026-05-19 13:43:07,play_store,TIMESelfCare
33796a73-156c-43ba-b5ae-cea4381908c1,yes. app also problem. can't change password. can't change children option. everyday offline. but time wifi no any promotion. like a unifi. sangat kedukut timewifi ni. bgi la tv ke wifi extender ke. dia pnya router signal lemak sngat. padahal rmh sy sangat kecik. smpi dapur s8gnl 1bar. masuk bilik signal lost.. angt teruk,1,2026-05-18 23:29:16,play_store,TIMESelfCare
8912b9f6-b335-46ea-b655-b3e786d2f7f9,"This app is blocking me from performing the most important step, payment. Wanted to pay today, but I can't. Online banking is not working through the app, and the qr code is also not working. How are we supposed to pay you guys?I have to wait until these lousy issues are solved before trying to pay again. Big company but carry narrow-minded solutions. For shame guys, for shame!",1,2026-05-18 11:45:22,play_store,TIMESelfCare
eff4dbfb-6c3e-4d60-8944-a18765e4c4ce,"after selecting online banking, I am redirected to choose browser. Even after selecting the browser i have on phone, I'd directed to install browser. Nak suruh org bayar bill ke tidakk",1,2026-05-18 10:14:31,play_store,TIMESelfCare
177e3ee2-f3be-4e77-b019-00c04c9d524f,rubbish app. everytime need login n need get new code.,1,2026-05-18 04:12:47,play_store,TIMESelfCare
2623d97f-1f98-41b7-897d-27c0e3f8aeca,"The app UI is good. What I like: they updated the app to better manage multiple accounts. But they make it super hard terminate a contract, even when the contract end date is up. The termination button will only show for 24 hours after you put in a termination request. This is the only thing I don't like about TIME. Their product is ok (I have two contracts and need to terminate 1 cuz not needed anymore). So I don't understand why they have to ruin the customer experience.",3,2026-05-17 11:23:35,play_store,TIMESelfCare
e4700d91-d75f-49a2-8e6c-43e8d6b92594,From web browser fpx payment you require us to move to mobile payment. Now you require us to pay fpx through browser again . Your duit now require us to scan your QR code which doesn't redirect. How do I scan if operating both app under the same phone? scan from gallery? Did you hire your solution architect from the flea market. Your app are like solar powered torch light.,1,2026-05-17 04:20:20,play_store,TIMESelfCare
36dea21d-062b-4b67-8674-4eec4df5deb1,good,4,2026-05-16 10:28:44,play_store,TIMESelfCare
0b62b855-3ff6-4fba-9ff3-e592ae0da94f,I cant put my figure amount to pay. Need to terminate this service asap.,1,2026-05-14 22:42:12,play_store,TIMESelfCare
d28854ca-e0f5-4caf-8f1d-a0676a663ac1,great app. love it.,5,2026-05-13 01:58:19,play_store,TIMESelfCare
e9b92196-eb3f-4269-bca9-6acef331260e,"VERY BAD USER EXPERIENCE!!! First timer for this Time Internet app. update app to the latest, app version v3.0.4(188). Payment through online banking cannot go through. Initially tried with HLB, after keyed in username and password, nothing happened. Tried with Maybank banking, even worse, it prompt to choose which supported browser to select, but then it didn't even go to the Maybank website but instead a general Chrome site to get and install Chrome. what bloody idiot done this app.",1,2026-05-12 16:11:02,play_store,TIMESelfCare
b91ab572-cc95-48e0-8ef5-23ff368f1faf,worst service worst app worst speed Never worked,1,2026-05-12 08:06:26,play_store,TIMESelfCare
0df11b11-823f-40cb-9563-f4bc76b7a9fc,slow,1,2026-05-09 00:39:17,play_store,TIMESelfCare
bab66160-0071-4673-a51a-b8e536965bb2,"please fix bug asap, Grabpay not able to use to pay bill",1,2026-05-04 14:58:04,play_store,TIMESelfCare
ad32c9cf-f214-4e2e-b5c3-ab5bad7da5c9,"this apps always got problem, always no update, very hard to pay and even you already pay and no update the payment",1,2026-05-03 11:00:33,play_store,TIMESelfCare
10b61ecb-6be4-4159-9ca6-28d242efac94,New verification flow designed by a todler. Like why do i need to verify my email if you already had verified it. And i have to do that 2 times too like whyyyy,1,2026-05-02 06:54:44,play_store,TIMESelfCare
1204da49-edc0-492c-9911-18e3cac476af,what the suck app upgarde till cannot login to account. and the customer service also is robot. now how to open the apps?,1,2026-05-01 13:48:26,play_store,TIMESelfCare
2df2836d-a90a-452f-8984-17251a366ba0,good same time break line,4,2026-05-01 07:05:45,play_store,TIMESelfCare
bcc5cd79-86e7-4f55-bad2-2f45181f16f7,Keep require to update when nothing to update. Will change to other company once the contract end,1,2026-05-01 03:39:04,play_store,TIMESelfCare
19c09eda-2e65-482b-8e8e-6a466c37a023,"a very considerate organization and always looking after their customers, plus they won't miss any new feature or service, truly wondering about those who rate 1 star' minds",5,2026-05-01 01:59:12,play_store,TIMESelfCare
4b956b77-d9bb-43fe-be22-f2c00e7621aa,lousy app ..amount cannot set ..worst than previous ver,1,2026-05-01 01:46:08,play_store,TIMESelfCare
a2b8f966-004e-4a77-b01d-b86a669a9a82,there's still to be improvement but good job for maintain this app,5,2026-04-30 17:57:05,play_store,TIMESelfCare
109f48ad-4273-41de-a619-c1aec56d8ee4,stupid app,1,2026-04-30 10:55:13,play_store,TIMESelfCare
66a286a5-71f6-4a90-840d-ff6509aff631,"The services provided on this application are meagre. For payment those works well. For customer support you have to follow rules. Half hour since I am trying to connect reconnect, didn't work so tried to connect customer support using mobile network.. didn't work. Finally using my mobile sim network to complete the office work.",1,2026-04-28 17:37:00,play_store,TIMESelfCare
b4c733a9-d584-410a-90f5-b3ead9fc52be,bad app development,1,2026-04-28 12:45:43,play_store,TIMESelfCare
c1a7a9f1-8e2e-4809-9201-48772cf77189,the recent update couldn't access parental control. hope the developer can fix this issue asap. seems like the apps itself its not fully developed as an upgrade. i like the previous version tho. much easier to navigate. this new upgrade everything got revamp,2,2026-04-28 03:05:05,play_store,TIMESelfCare
424ff177-1874-4998-a738-3767d64b44e9,speechless,1,2026-04-27 12:18:04,play_store,TIMESelfCare
fa2defa0-ddec-4f90-a8cd-0d4b3eb25a86,"Convenience, good 👍",5,2026-04-27 00:16:54,play_store,TIMESelfCare
876061fd-590e-40b6-9301-7cd1b2506dac,Worse app ever.. TIME Developer is sleeping? Thinking to swing over to other Telco service soon!,1,2026-04-26 23:44:44,play_store,TIMESelfCare
ea7492a3-5603-45ef-8c1c-583d3dccd154,really slow. big company but apps so poor,1,2026-04-26 00:36:12,play_store,TIMESelfCare
ec3ae3b9-43ee-4c54-aafa-2aae38fc43e3,what rubbish update you have made? Why I cannot enter the bill payment value I want freely and why do you restricting that?,1,2026-04-25 11:28:27,play_store,TIMESelfCare
8b7211b9-5093-4b37-81e7-784de6523b4a,Service selfcare teruk,1,2026-04-24 13:30:06,play_store,TIMESelfCare
f3f739f4-a97e-4810-90fb-9d2c5cf4363e,damn irritating keep logging me out,1,2026-04-16 12:42:36,play_store,TIMESelfCare
2bcea187-7440-4265-9e9e-7fc6eb5077a8,I have not been able to log in to the app since the end of last year. it keeps saying system is getting an upgrade. countless uninstalls and reinstalls still the same,1,2026-04-15 04:13:44,play_store,TIMESelfCare
1b294be6-e620-47f4-b1ec-2bc2b326d0da,even more rubbish app than tnb,1,2026-04-08 02:50:04,play_store,TIMESelfCare
98bde93c-bc77-4dd0-b19a-1532ce2f2a85,TIME has the worst app I've ever had to experienced. For god sake hire a better app developer.,1,2026-04-07 14:53:38,play_store,TIMESelfCare
1b755f1c-6019-496a-b156-d4ee00a3a985,"Takes forever to load. Same with their website. Makes paying the bill extremely inconvenient. If not because of broadband limitations, I wouldn't even use this service.",1,2026-04-07 14:19:45,play_store,TIMESelfCare
4c5daa8d-9112-4364-b51f-b644c37b50ed,want to pay bill but only keep loading so many people complain already but they still doing nothing ==,1,2026-04-07 13:33:41,play_store,TIMESelfCare
90da7195-88e7-48cd-bde1-a1d58f559a5d,"unresponsive apps, using your TIME wifi to run your own apps still unable to get any info",1,2026-04-07 11:55:44,play_store,TIMESelfCare
1664d996-e1f8-4045-a1be-deb42381d403,"Setting up Auto Debit Payment takes forever. Regardless trying on the app or web, it cannot allow the users to add payment method for auto debit. How shameful, need huge performance improvement if you wish to gain more trust.",1,2026-04-07 10:16:28,play_store,TIMESelfCare
a35154ce-0c73-472f-9aa7-8d7b0c787199,very nice,5,2026-04-03 19:54:52,play_store,TIMESelfCare
7327b9eb-9c1b-4f56-9eef-a21dab462b87,very bad always not connected to Internet.,1,2026-04-02 07:34:42,play_store,TIMESelfCare
879f8a4c-664d-41ac-85ed-c6e197018544,i cannot log in,1,2026-04-01 05:29:35,play_store,TIMESelfCare
c3f4f816-7524-4578-bd5d-3b403ade43f2,nk byr bil pun susah,1,2026-03-26 21:43:01,play_store,TIMESelfCare
cde18685-0fb9-44c2-bae7-378007c6854d,slowest app I have ever use in my life,1,2026-03-25 10:24:31,play_store,TIMESelfCare
59e4cdd6-b79e-4f14-8417-6cd7d5baf725,Why evrytime after update need to key in username n password to log in? Who design n maintain this apps?,1,2026-03-18 08:09:28,play_store,TIMESelfCare
ba5aaa66-67ad-431d-8146-feb144509112,"same issue as the other have encountered. - cant view bill (error, the pdf link is unavailable) - can test internet (shown as not connected to the internet, although the internet is connected)",1,2026-03-18 02:07:12,play_store,TIMESelfCare
2d918f4b-027f-41f2-a729-5b229f8f4c47,"Useless app, why bother invest for it? Not user friendly, can't refresh in real time, can't reflect real bill, can't log in properly.",1,2026-03-17 01:41:07,play_store,TIMESelfCare
39f0139f-74cb-48a6-aa7c-2c0422eee5f6,"how to pay bills. I have a full bar internet, yet the app doesn't detect. how to pay?",1,2026-03-16 15:51:32,play_store,TIMESelfCare
97152a0d-6800-49a8-b3c2-d6461eae9d63,"Trying to get support in the app and messaging an agent, the keyboard fully covers the text box that you're typing into so you can't see what you're typing.",1,2026-03-15 12:27:09,play_store,TIMESelfCare
cf41a04b-ed44-4de2-a92b-7ba1afa3f780,pdf link unavailable!!,1,2026-03-15 03:04:41,play_store,TIMESelfCare
4adab66a-2511-408f-a5b1-55191d9941fc,"Fix your app la, want to pay also cannot , when I can pay the payment doesn't register and says I still owe you guys.",1,2026-03-14 09:32:10,play_store,TIMESelfCare
637ffc4e-4bfa-4c0b-9e01-e2aa90ac84c4,Fix your app please 🥲,1,2026-03-12 08:23:29,play_store,TIMESelfCare
b8bce583-e075-420a-a9c8-ca7ef27b90a8,Something wrong. Apps always loading. Cannot pay my bill. Already past due date. Please fix this. Really stress cannot pay the bill.,2,2026-03-09 15:19:28,play_store,TIMESelfCare
a2aa4775-362e-45f8-99de-003c09962513,Can't log in online now can't log in apps how to make payment ????!!!!!!!! so it's just 1.8 reviews now I understand !!!,1,2026-03-09 15:00:01,play_store,TIMESelfCare
ad9ead2d-d980-4ddb-b759-6ed50d4b2da4,this app getting lot of problems...lagging,1,2026-03-09 14:26:29,play_store,TIMESelfCare
ffbcdc1a-4f3e-4c8c-a9b1-03b9adc963dc,Bila nak guna untuk bayar. Memang macam macam hal,2,2026-03-09 14:18:17,play_store,TIMESelfCare
3cde3647-d8c1-46cb-ab64-ff3bd2e74707,slow loading suddenly. And most of the thing cant show up.At the make payment screen the price show null. and the chat box also bug. Even i use maxis line the apps also same keep jam at loading and log me out everytime i open n closed apps,1,2026-03-09 14:00:16,play_store,TIMESelfCare
78ea47b7-830e-4d5d-8ae5-2c5ab9f19c99,the most bad wifi and bad service,1,2026-03-06 11:58:08,play_store,TIMESelfCare
3eca4d3f-e7d2-4c5b-8617-c20edc814a77,apps lembab,1,2026-03-03 16:33:12,play_store,TIMESelfCare
69c4802e-b693-474c-8065-d3485602341a,"I’m very concerned because the total amount shown in my TIME app is not updating, even though I don’t have any outstanding payments. The figure displayed is incorrect and quite alarming. Could you please check and update the system as soon as possible? An inaccurate balance in the app can be very confusing for customers.",1,2026-03-02 13:21:54,play_store,TIMESelfCare
650e7bd6-fbfe-478d-b18f-2686a94d2165,"apa masalah kau punya apps ni? duit dah tolak, lepas tu payment unsuccessful pulak dah...bila nak ok apps kau ni...adoii la",1,2026-03-02 07:30:53,play_store,TIMESelfCare
9ec08d56-4489-415e-8e0b-fc85788413ed,the app cannot detect internet. how do we pay?????,1,2026-03-01 11:12:54,play_store,TIMESelfCare
84f94d77-1394-454c-95a8-aa707bd08338,Useless app,1,2026-02-28 14:38:07,play_store,TIMESelfCare
f31adecc-6a74-40e0-9276-3733f5b57569,"can not tupe messages completely. u changed the resolution . most of the time it crashes , especially while payment is done. how sad it ia that Internet company app is crashing due to their own internet.",1,2026-02-28 05:10:57,play_store,TIMESelfCare
d2728cd7-55f4-4fa5-9def-d16d7c24ce0c,Not supported huawei phone and not able to update,1,2026-02-27 01:31:08,play_store,TIMESelfCare
79951af3-55e0-4450-ae50-344b26fdb2a9,why the app still cannot login,1,2026-02-26 02:30:55,play_store,TIMESelfCare
437eb87e-af24-47ad-b274-5a2cddf593d8,"chat support so hard to use. keyboard is blocking the chat window, you can't see what you type.",1,2026-02-25 00:15:30,play_store,TIMESelfCare
db1a77fa-47db-4925-9294-0b0443e06045,alreaady paid my bills but its not updated as if i still not paid the bills. soslow to load the screen.,1,2026-02-24 03:56:25,play_store,TIMESelfCare
782563a6-a165-4fbe-af8f-7b98a25af2fb,suddenly cant login. and didnt update my payment,1,2026-02-23 04:21:07,play_store,TIMESelfCare
8944fb23-4f59-4c4b-8ed6-2ee84c0b8049,makin teruk app dia,1,2026-02-23 04:08:12,play_store,TIMESelfCare
454552c0-daf1-45a4-88f3-b6c680377374,Worst customer service ever.,1,2026-02-22 05:46:50,play_store,TIMESelfCare
e602d6c5-100e-4014-a067-1b6b91b44a23,"Useless app, took forever to load a page and couldn't connect to server/internet, then logout by itself. Get ready to spend your entire day just to pay a bill",1,2026-02-10 03:43:57,play_store,TIMESelfCare
0185cc9e-3b55-4ae7-afd5-13e5551e7e12,the apps cannot log in..,3,2026-02-10 03:03:40,play_store,TIMESelfCare
e016db07-8b79-4360-b51e-dbba4d3f0e71,"This always can't manage the WiFi manager, the can't open? Call customer service always says old router",1,2026-02-09 01:59:52,play_store,TIMESelfCare
b9620aec-6f48-4004-a653-55f439bc8f51,Nak bayar pun susah.,1,2026-02-07 11:15:58,play_store,TIMESelfCare
105b0031-124b-47d3-9169-5c923aaa817a,"payment page keep loading, then prompt message not connected to internet, funny app, no internet how can i login and click for pay bill. Then change to website, same problem. always encounter this issue. please do something.",1,2026-02-07 03:11:21,play_store,TIMESelfCare
498b71f4-b001-4dbc-921e-19413c1ff698,Apps lagging.. Cannot do anything.. Then how to monitor??,1,2026-02-07 03:07:50,play_store,TIMESelfCare
db4ae15a-c60c-4bc8-a4a4-6dc05b2f5d92,"Is this app written by AI? Can't even show the bill, can't even make payment and constant forced logout",1,2026-02-07 03:06:52,play_store,TIMESelfCare
daa32631-e493-4063-b9c7-818430b6261c,very difficult to make payment,1,2026-02-06 17:35:38,play_store,TIMESelfCare
5a52fb05-5ab4-4c66-ad59-b7122de695e7,stupid apps. can't even access with the right password.,1,2026-02-06 03:13:35,play_store,TIMESelfCare
56aaac7d-af35-4f8d-8f19-9521da3eb39c,very slow to load basic things such as bills and homepage,1,2026-02-04 14:26:17,play_store,TIMESelfCare
0b59d2f9-4b67-4dd0-8be2-56e57872f07e,"Apps update is really slow, even when I had paid my bills it still showed the unpaid amount. I has reload it many times too. The latest bill I paid, it said my payment was declined/unsuccessfull but on the activity tab said it was already been approved and my cc had deducted the amount. But still it said my bills had yet been paid?????",1,2026-02-03 06:00:27,play_store,TIMESelfCare
7bca213a-fce4-454c-91d0-a5870f700d09,please inpove you app,3,2026-02-03 03:12:19,play_store,TIMESelfCare
5e97fc03-da3a-4b13-9a09-13e8de4a17de,Stupidest app on earth .,1,2026-02-01 09:08:19,play_store,TIMESelfCare
0d0a8441-1e9b-4e11-aede-1649da11677e,"Generally OK But I would expecting to be able to do everything related to internet on this apps, such as upgrade plan, buy router etc. Still lots of space for improvement.",3,2026-01-23 13:13:02,play_store,TIMESelfCare
e853e5a4-78f1-4d89-9644-4a6d377e9a89,"the user experience is this app is nightmare. cant even see a thing. always ""disconnected""",1,2026-01-22 05:17:44,play_store,TIMESelfCare
10192b8e-4068-4deb-a81b-d8c91dc6f6e5,"Cuba log in hari ini untuk check akaun, tak boleh (maintainance mode katanya). Nak bayar guna cimb banking pun tak boleh, kena guna JomPay br boleh bayar. Sapa ceo TimeFibre nie? Korg nak duit ke tak mau? After-service mcm sampah. Upah la 3rd party ke extra budget ke untuk perkara sebegini. Customer satisfaction langsung nearly zero.",1,2026-01-19 10:47:38,play_store,TIMESelfCare
87d789f2-c4d2-4d07-8296-c16033558caf,"same experience, today 15.1.2026 nak buat payment tak boleh",1,2026-01-15 04:20:06,play_store,TIMESelfCare
7698b0cc-0f71-4af6-9130-438175881889,can't even pay the bills using apps how do you expect me to pay the bills if the app can't even process my payment,1,2026-01-09 15:46:09,play_store,TIMESelfCare
e5030c28-cb5e-4331-a661-fc655bb2522c,"1. Loading takes forever. 2. trying to update my auto debit >> Oops , no internet connection. ( while I'm connected to the internet ) 3. trying to retrieve my bill >> pdf file not available what exactly is this app for then?",1,2026-01-08 02:06:05,play_store,TIMESelfCare
557affc4-0848-4ca5-8d4e-0771d7be0ca5,I encountered a significant lack of assistance when I needed it most.,1,2026-01-07 13:56:04,play_store,TIMESelfCare
bd0067d3-ed27-4082-924e-6a7a6f5e8df3,lousy unresponsive lagging apps when do payment,1,2026-01-07 06:22:32,play_store,TIMESelfCare
b2bf2dfa-a85e-436b-9ec4-9aa9b46e0b12,"screen always says ""not connected to the Internet"" though it's connected. can't do anything, useless.",1,2026-01-02 16:01:38,play_store,TIMESelfCare
fd80fc30-9815-49a0-9490-347a6a3cfe12,seriously...cant add auto debit..error! do you guys even working?,1,2025-12-31 03:40:59,play_store,TIMESelfCare
86ccc7bd-6efd-4416-9fe0-9e62dbaeba50,please the app. totally ridiculous that it always says not connected to internet while all other apps are working fine. Cant even make payment at all because it wont load.,1,2025-12-29 16:09:19,play_store,TIMESelfCare
6fbd3c6d-9c5c-449c-97d5-7c907747c656,can't even login,1,2025-12-21 09:38:43,play_store,TIMESelfCare
a561b23d-7204-4799-9273-cc82c9750bea,Terrible app..,1,2025-12-20 03:35:26,play_store,TIMESelfCare
cfade372-6958-408c-b4fa-be253125cb9e,Very slow and unresponsive app. Wouldn't expect that from an internet provider company!,1,2025-12-18 11:06:40,play_store,TIMESelfCare
a9335a4e-c2d6-43e4-8c44-e8a711464942,Useless app.. U cannot comtaxt direct..live chat not respond..,1,2025-12-17 00:43:45,play_store,TIMESelfCare
bff259e0-e9f9-4556-a371-aeb4818dbf01,Ok,5,2025-12-16 23:17:39,play_store,TIMESelfCare
45d8750a-497d-47f0-a4f5-b42298a25c3a,cannot fill in the provided details,1,2025-12-14 17:29:55,play_store,TIMESelfCare
3bfbe56a-1767-44f5-951b-b957a4bf675a,can't even login to the app,1,2025-12-14 03:50:17,play_store,TIMESelfCare
35ced12c-9b2e-4602-a251-d7846285d41e,this app had the bad server ever.,1,2025-12-12 15:11:45,play_store,TIMESelfCare
1dbe85c9-7b4b-4b19-b886-ff56f39bfd97,stupid app can't even use for payment,1,2025-12-06 12:29:55,play_store,TIMESelfCare
6ea6f868-6dde-47ea-86c3-ecd101943b2b,unable to make payment.,1,2025-12-03 12:16:15,play_store,TIMESelfCare
c8024e3b-0ebb-455c-81f3-a1e6a586c80a,worst app..takes ages to load..at the end still can't pay the bill or whatsoever..damm app,1,2025-12-01 12:04:04,play_store,TIMESelfCare
d23d43e2-0a1e-4350-9e58-350d11408590,"Worse app I've ever used. The payment experience is driving user crazy, online banking never been successful, even after the multiple times of authorisation given from banking app. Using eWallet to pay, the fund deducted from my TnGo, but payment is showing failed on this app. Furthermore, this app always taking long time to load.",1,2025-12-01 04:46:36,play_store,TIMESelfCare
24fb83a9-9121-4720-97fa-f768055e686e,"November came and a lot of new bus followed. This apps test your patience and eyesignt. Poor security - can't even set up secure password as it does not accept special characters in the password. App tells you that you have to pay bill issues on 8 Nov, before 7th of November. App shows wrong speed. My 600Mbit is suddenly shown as 500Mbit. Chat bot is useless and soooo slow. Eh, miserable experience",2,2025-11-30 14:36:45,play_store,TIMESelfCare
80c16e0b-d83f-487d-ba4a-03afe2a9111f,"IS this app even alive ? it takes forever to load for past 2 months, and they will not hesistate to bar our internet line since payment not made. HELOO YOUR APP IS NOT LOADING TO MAKE PAYMENT !!!",1,2025-11-26 08:52:05,play_store,TIMESelfCare
b6bc348a-c9b8-4a5d-93a8-614f223df3fb,bad,1,2025-11-25 08:37:29,play_store,TIMESelfCare
0f0d4033-d333-4527-b40f-b2cc4b66e00f,"now the app is under maintenance,and I blocked my laptop and tv wifi yesterday.Can't use it now",2,2025-11-25 06:35:22,play_store,TIMESelfCare
eea1d0fc-0872-47f2-93b5-c5c217dfafff,I'm using your TIME Internet service. Why does the app take forever to load?it's literally your app and internet! This has been going on for years and no changes. Please improve the app.,1,2025-11-22 15:40:08,play_store,TIMESelfCare
f51eb839-00a1-4b6d-a4cc-1a1c7b78f316,Not helpful..couldn't make payment,2,2025-11-19 06:28:52,play_store,TIMESelfCare
d7c64f78-e865-4a9e-a31d-0f3013a5bdf6,Useless app. Barely can do anything.,1,2025-11-18 00:47:26,play_store,TIMESelfCare
b26eb3bb-8a7e-4bb3-86ca-6e9adc590370,"please check your app, unable to make payment with error of ""not connected to the internet""??",1,2025-11-17 15:47:41,play_store,TIMESelfCare
0abf5bfc-092e-4046-8727-19d29fe7def9,Can't even load to see my plan,1,2025-11-13 00:33:45,play_store,TIMESelfCare
5a8c6c12-4312-453c-b740-58866a8814f9,sistem teruk bila buat pembayaran,1,2025-11-11 07:15:08,play_store,TIMESelfCare
e1876346-ad21-4062-aa93-a4c6b993113c,"First tukar app, nampak ok. Tp skg ni payment mcm lambat gile die tolak. Sptutnya 2hb. Kan dah buat penolakan dr card suppose cepatlah die tolak. Skg msh xd penolakan... Please take note.",3,2025-11-05 08:35:01,play_store,TIMESelfCare
4ace34e9-74e9-434f-be5a-b31d98323294,Slow loading. Sometimes the bill link fails.,2,2025-11-04 23:22:17,play_store,TIMESelfCare
baae706f-ca8a-4a37-b38c-532b3579bf18,susah nak bayar .. kenapa... Weh...,1,2025-11-04 15:48:37,play_store,TIMESelfCare
59a30694-43c2-4dbb-985b-cccef4da5d64,"I would like to give negative star if i could, unable to use apps for bil payment, even browser, time self care slow like hell, i pay 5 bils for my homestay, use almost 1 hour",1,2025-11-03 07:57:31,play_store,TIMESelfCare
8c446da9-0de1-46ff-af7e-aa6eeecf5a86,"Faulty app, unable to make payment through the app, not setup auto debit. When contacted support, they only tell you to login through browser instead to make payment. If so, what's the point of having this app? Waste of space on phone.",1,2025-11-01 03:52:51,play_store,TIMESelfCare
fd992be5-264d-4175-840e-aabb75d4fd30,"trust me guys, dun use time, their service is terrible (internet always down for no reason, router and cable they provided easily spoiled and always ask u pay urself) also their contract is terrible even they know you are having bad time with them and you want to cancel, still they want to earn your penalty .",1,2025-10-29 05:51:27,play_store,TIMESelfCare
be8293ce-4369-46cf-909e-7eda101c0763,"NEVER EVER USE THIS INTERNET PROVIDER. They are refusing to allow me to terminate their service, even after being their loyal customer for six years. They are still sending me bills, even after I've terminated their service on August 16, 2025, and followed their termination process. Spoken to Gayathri, Savind & Sonia, & was told by them that they received my request but didn't process it & I must pay any bills they send. Time dotcom is clearly running a smart con.",1,2025-10-28 16:21:57,play_store,TIMESelfCare
30cb53a7-eb6c-4ac4-9b0c-17f502a67be0,Tak boleh bayar,1,2025-10-27 14:07:07,play_store,TIMESelfCare
a011b923-2ec3-4239-9736-ed0c1f8d23d3,"For other internet app, I could do manual upfront payment because I like to settle all my bills during salary day which auto billing couldn't do. But TIME always led me to error when I want to which is frustrating",1,2025-10-26 00:11:22,play_store,TIMESelfCare
b0b6fb36-0bed-4833-b5ab-482a8a3fec49,"Termination of service is very bad. You have to give 30 days notice. You can only change the termination date once and you can only set 30 days maximum. If you raise a new termination request, you have to give another 30 days notice. I am not happy.",1,2025-10-25 13:06:26,play_store,TIMESelfCare
085c41ea-ce9b-4f6f-b86e-369f643996da,the app is slow and cannot upload photos during chatting with live agent for support,1,2025-10-24 13:11:32,play_store,TIMESelfCare
910ef385-bd9e-41e6-81e4-5ffa1cef677f,It's a terrible app. Too many bugs and ux issues. You're better off using the mobile browser to access the site,1,2025-10-22 07:28:05,play_store,TIMESelfCare
5c1e5526-53ba-4009-a881-265a7e12e4d2,Line time teruk. Sudah call and email no feedback.. Very2 bad,1,2025-10-19 02:50:06,play_store,TIMESelfCare
223328c7-e10a-45bb-839b-85c44d60d11b,Used to be a good app but has gone downhill lately.,1,2025-10-11 09:16:54,play_store,TIMESelfCare
9fefcbff-2ca8-49a3-9a67-5e666934ed2b,"lagging ...it is basically struggling to even start up to the landing page..loading for ages.. it was better off before. if u guys wanna update it, pls runs test before live...cos this version of bug fixes is nothing but a bug nest. if I can I'll rate below 1",1,2025-10-09 02:32:35,play_store,TIMESelfCare
80ccbb1e-3336-4341-8b82-2663ce76881f,"the apps is really sucks, always got bug",1,2025-10-07 01:42:13,play_store,TIMESelfCare
9816aff5-b2c8-4746-86c6-d87c66e90494,the app shows no internet connection and while I have good wifi,1,2025-10-04 22:11:21,play_store,TIMESelfCare
2bc85dc9-5ab3-4e84-8215-a4718c24b7ea,Re,5,2025-10-04 03:27:51,play_store,TIMESelfCare
9d74ead5-afc5-4c4b-a970-8164adac3a7c,tak boleh bayar pun.. macam mana ni,1,2025-10-02 23:23:25,play_store,TIMESelfCare
9909103b-248a-4ead-9293-9b21b39ee08f,"A convenient app has gone bad since mid of 2025. The app takes forever to load. it will load everything else first except the amount due, talk about priorities. And when you finally make it to the checkout page, it won't save your card info, so you have to type it manually. overall just a bad user experience.",1,2025-10-01 14:32:05,play_store,TIMESelfCare
dd8b9cf6-ecd2-4b8b-a999-d7be7b4ee3b0,poor lagging,1,2025-09-25 14:38:12,play_store,TIMESelfCare
fe231dfa-644c-47d8-a675-d7c4a28fa706,ok,5,2025-09-08 01:25:42,play_store,TIMESelfCare
4886e472-df3e-4443-92b0-5db16514d1c8,the payment gateway is not even working zzzz,1,2025-09-06 05:08:03,play_store,TIMESelfCare
297a455e-31cf-4b6b-aeb3-f38ca11232f5,problematic secure pay. unable to log in cimbclicks. seems this apps is developed by a pig.,1,2025-09-06 03:21:03,play_store,TIMESelfCare
43c38c4a-345c-4463-ab8c-e85e06333e6b,what happened ???? cant view bills,1,2025-09-05 04:36:40,play_store,TIMESelfCare
0cb5ebc4-bed0-481f-af68-5934d94bf301,internet's ok tp cara nk bayar kemain susah,1,2025-09-02 19:18:59,play_store,TIMESelfCare
88c6afdd-2523-44b0-a384-a7f727745437,No contact. The bot doesn't have choices. Cannot make blardy reports!!!!,1,2025-08-31 07:09:48,play_store,TIMESelfCare
98442439-41d0-4f22-8ee2-3b39fae11e17,Internet disruption mostly happen between 2-4 month range in my area. Maybe cabel got stolen or low quality cabel/fix.,1,2025-08-25 07:20:50,play_store,TIMESelfCare
960251dd-5b7f-4cdd-b896-71860f66dbb1,"no notification of billing, try to pay via the app but keeps error...shown no internet connection... time to up the game ..really SDN BHD...",1,2025-08-23 15:38:19,play_store,TIMESelfCare
56b694b0-773c-4a85-9bbb-c120005440d4,How to pay bill if app always internet error,1,2025-08-23 14:03:46,play_store,TIMESelfCare
ed7c8255-4e81-446b-b435-f3535da31e27,Wanted to login but can't. New to this. Today. 22/08/2025. Why this app so suxxxxx,1,2025-08-22 14:51:50,play_store,TIMESelfCare
20ad3278-864a-485e-a5b0-47e727617980,"apps cannot use, everytime i open always buffering,i can't see my bill my anything sucks!",1,2025-08-17 19:04:45,play_store,TIMESelfCare
9d2ccb34-5e8c-4723-90f9-96f6674111a5,apps has been long malfunction,2,2025-08-17 13:51:38,play_store,TIMESelfCare
731e3f2a-71e6-466d-abc4-ed3a792bec53,why when I want to make payment and it shows no Internet connection... I used data also shown no internet? how am I supposed to make payment smoothly?! if I pay late then will I get a penalty due to the app issues unable to make payment?,1,2025-08-15 16:19:46,play_store,TIMESelfCare
624220da-13e3-405b-b13f-811e067322c0,Bills notification not pop-up or show up. Once showed it become over due!!! What is this? Wifi signal recently also always intermittent disconnect itself and led router fine. Always need to ON and OFF the mobile wifi function only recover.,1,2025-08-12 01:14:11,play_store,TIMESelfCare
b0df05c8-a98f-4795-af47-fcbfc726d3e8,Apps are too slow. Always crash.,1,2025-08-05 11:12:35,play_store,TIMESelfCare
7c6773d5-0565-464e-a9e9-2423b8dff284,please add back fpx. duitnow seem downgrade. Paling tak berguna punya apps,1,2025-07-29 11:13:53,play_store,TIMESelfCare
d01aa8ab-4500-4601-a0cd-cbbff700a5b9,the worst app. constantly glitching and nothing has been done so far to fix it. can anyone give us an update on when this will be fixed.,1,2025-07-22 03:28:56,play_store,TIMESelfCare
38eeb4e7-21e2-4f94-a8a2-eaab914d8422,"""Something went wrong, please try again later"" since the beginning of time 🦖",1,2025-07-20 13:30:49,play_store,TIMESelfCare
ebd4b9a3-8ea0-4dbd-a3ba-33ebd0c90b3b,"app stuck keep saying no Internet, become so much work to open and close app and clear cache multiple time to try pay my bills. Please respond back to me thank you.",1,2025-07-18 23:25:57,play_store,TIMESelfCare
cede044a-6fda-4db1-977d-97b92220857b,slow,1,2025-07-15 10:05:17,play_store,TIMESelfCare
ac24d655-c7b7-4106-b235-0ee9df1eacae,how many times need to update,1,2025-07-13 14:07:54,play_store,TIMESelfCare
0e5ca90b-dec6-4bfc-a532-75441e4ad3cd,"Keep on encountering ""Error updating guest WiFi"".",1,2025-07-05 13:34:43,play_store,TIMESelfCare
b15582bd-01c4-4ce9-a5b2-6f2a26150b0d,Cannot see and review. It just like blackout,1,2025-07-03 09:57:41,play_store,TIMESelfCare
e7d8b6e2-fb94-40cb-94bd-0c9296d8e78d,very good👍🏻👍🏻👍🏻,5,2025-07-03 07:16:00,play_store,TIMESelfCare
96294ff7-647f-47de-9759-697fae5cd2b7,Constantly crash and need to update the app everytime I need to do payment. very inconvenient for someone wants to do payment fast.,2,2025-07-02 14:51:00,play_store,TIMESelfCare
02bfc550-be87-43f2-859d-571653ba1d90,Recent App update makes payment stupidly hard!,1,2025-07-01 14:02:50,play_store,TIMESelfCare
d571e1a8-0e8e-432f-8118-d9d48233d3f0,"the apps sucks. I tried uninstall and reinstall , the page keeps blinking and it disappeared on its own. what the hell",1,2025-06-30 12:37:53,play_store,TIMESelfCare
970b9f4e-79a4-4647-9c7c-af4315f36416,"it's still bad when comes to online payments, too slow...",3,2025-06-30 08:51:14,play_store,TIMESelfCare
b1bb3d0e-6a75-42e7-bce4-2dd3e523f180,"The most unstable, unfriendly, and stupid apps.",1,2025-06-29 13:34:25,play_store,TIMESelfCare
15dec872-5af2-49a5-be8d-be6a01117285,cannot login through apps but can login via website. make it hard to used,1,2025-06-28 03:20:14,play_store,TIMESelfCare
0fe71793-a394-47e4-a821-f528d1af582b,Unable to pay bill using DuitNow for CIMB Clicks (Personal). I used to pay previously using the FPX no problem.,4,2025-06-26 07:17:35,play_store,TIMESelfCare
12c65925-1f1e-46ee-8e04-2ffc4299ebcf,today there's an interruptions in my home please take rectify thank you,2,2025-06-24 11:26:56,play_store,TIMESelfCare
990fcae6-cc6a-4edf-ae5b-8e1750fa31c2,the apps very bad,1,2025-06-23 01:43:44,play_store,TIMESelfCare
9f1578bc-b826-4e97-865f-34dd874a4279,"Fix this: Selecting payment method using FPX bank, ended up with page error. This is not 1st time I'm making payment using FPX. Forbidden You don't have permission to access /api/make-payment on this server.",3,2025-06-20 03:47:47,play_store,TIMESelfCare
751ae2d5-1b50-4b20-8baa-fb8f6de2b61b,Want to make payment but it keeps saying unable to connect to Internet or showing blank page. Pls fix the glitch,1,2025-06-17 23:36:45,play_store,TIMESelfCare
e4e95997-43a4-47f7-8ec0-ea99b48d9d16,very bad experience. after a very hard login the screen goes blank immediately.😔😔,1,2025-06-15 10:20:37,play_store,TIMESelfCare
4577f022-dba7-484a-b23d-23b4778da511,"most of the time cannot open this Apps! Very hard to view own account to check bill , payment. can throw away this apps",1,2025-06-14 12:07:17,play_store,TIMESelfCare
5a702541-cbc7-42e4-9033-147c5cf9f934,EXCELLENT,5,2025-06-12 14:36:49,play_store,TIMESelfCare
cf83139a-75af-4d90-bdeb-b02f7dc48594,can't launch this apps...very bad experience,1,2025-06-09 12:12:36,play_store,TIMESelfCare
b0b771c4-9eb8-4169-9a48-7cff21edf44a,"Apps useless, suruh login Guna Google jugak, menyusahkan",1,2025-06-06 02:45:47,play_store,TIMESelfCare
9d3f5994-b590-448b-9e5a-6dd762d06aa7,worst support and service,1,2025-06-05 18:47:10,play_store,TIMESelfCare
ee164b64-51b8-4220-a4a4-73b6d23e54b8,Wifi Manager feature cannot use at all. State that I'm not connected to internet when I'm literally connected to the wifi. Also state that the wifi router not compatible with the feature,1,2025-06-04 03:52:13,play_store,TIMESelfCare
2769808b-3e91-41ef-bfa7-1171146d4a6e,horrible.,1,2025-05-27 03:13:25,play_store,TIMESelfCare
783d9883-63e5-49db-9fe6-f6b0c0727945,horrible apps. unbelievable bad,1,2025-05-21 13:19:55,play_store,TIMESelfCare
a71ff4b0-ad66-4f3f-83d9-ee08d157b2f6,very very poor service.not recommend for anyone.,1,2025-05-21 12:29:12,play_store,TIMESelfCare
917d8e8d-1f96-41fd-a9b8-4ccc9f354f49,your app ahhh always error on certain things. especially the parental control part. few days ago it was there then it suddenly disappeared. please fix this problem. i need to access it.,2,2025-05-15 13:38:06,play_store,TIMESelfCare
1c7a1b4a-cbde-48dc-92c6-2a69d968ed65,cannot get into my home acc. keep telling about business acc. already uninstalled and installed 5 times. ok,1,2025-05-15 02:48:45,play_store,TIMESelfCare
112ebe32-1838-4637-84f3-d768c5d0bd40,Apps cant be update. Always give bad experience. Same like times Internet always down. Going to change soon once the contract is over,1,2025-05-10 15:04:08,play_store,TIMESelfCare
5bd073be-11e7-4b8b-8a66-4aca9bb87dc3,very lag app,1,2025-05-09 09:11:40,play_store,TIMESelfCare
e2938cd5-71cd-4861-9089-807ba5fd62cc,"How can I pay the bill when every payment option in the app was ""forbidden"" message",1,2025-05-03 11:04:52,play_store,TIMESelfCare
0810c80d-dec8-466e-b141-e88ed7a330bf,"Very unstable app, very lag, keep crashing, screen flashing and crash. Wifi manager can't be used",2,2025-05-01 13:39:40,play_store,TIMESelfCare
dfb49d3c-122d-4a0f-85f7-508df7d8fb54,"Apps is malfunction, why?? Please i need apps to make a payment",1,2025-04-22 15:04:30,play_store,TIMESelfCare
a2575356-45c3-4cbc-980a-939c2cb878f0,app not function in every way,1,2025-04-16 00:50:56,play_store,TIMESelfCare
66028d9f-d9ff-4f36-b2d2-fd5404fbf036,terrible after updated. The make payment screen is totally blank. please looks into this issue.,1,2025-04-14 04:27:27,play_store,TIMESelfCare
c0a107bc-a515-4332-90af-35aba018cc88,"Nk bayar Internet pun susah gila. Saya nk bayar bil byk kali pakai app ni susah gila. Dh byk kali saya approve payment kat banking app untuk ni tp tak lepas bila pakai app ni. Tapi bila buat kat PC lps pula, wlpn saya kena approve payment kat banking app. Minta tolong baiki masalah ni.",1,2025-04-09 13:34:01,play_store,TIMESelfCare
c02b84e0-eb97-4fb5-ba8c-dd2890579b12,Setup Guest wifi not working. keep showing error. cannot login to router as well. Support is super slow.,1,2025-04-07 22:34:36,play_store,TIMESelfCare
a8da9306-7f41-41fa-a5d5-6b80b966768d,couldn't even pay my bills,1,2025-04-07 16:35:33,play_store,TIMESelfCare
e82f337c-f47b-4314-aa65-2aeebc00f3b1,Cannot login. Very buggy. Said that my account is a business account which I'm a home user account.,1,2025-04-03 10:35:09,play_store,TIMESelfCare
377c00d6-7ff8-4121-a10c-9446d7415249,"this app is useless for people who want to ge things done. It keeps getting stuck on a blank page when trying to make the payment. very bad service, bad setup, not useful, not helpful, can't get things done.",1,2025-04-03 03:02:25,play_store,TIMESelfCare
d56d0a3d-8ec3-4955-8aa7-ce8e33e01fdc,"Cant even make payment properly. Keep getting ""not connected to the internet"". Useless..",1,2025-03-25 03:00:21,play_store,TIMESelfCare
e2da7ccd-c4eb-4886-a4f2-4c161dd0dc13,offering a service broadband but yr apps itself so slow and lagged. shame on u!!!!,1,2025-03-24 12:01:06,play_store,TIMESelfCare
331d274d-3088-4a8f-9d4a-31723317e354,Super poor and lousy app. The payment page went blank after opening another app to get the payment pin.,1,2025-03-18 18:23:28,play_store,TIMESelfCare
35c1b04a-0587-498e-ad69-911d88dac0de,Internet down even payment have done.,1,2025-03-18 10:38:51,play_store,TIMESelfCare
87732cb7-73e0-44a0-a189-685e9b8aa2db,The app is very slow to load and always need to go in and out in order to get the info,2,2025-03-17 02:37:12,play_store,TIMESelfCare
3db0ebd3-72ab-485c-ae33-9e697f37b805,Can not log in,5,2025-03-14 09:17:01,play_store,TIMESelfCare
59ee5537-1b51-42ef-a596-a0cafcb45b46,Cannot press Auto debit??? after press show no internet no connection ? Please fix,1,2025-03-10 06:15:33,play_store,TIMESelfCare
abcd3666-7072-4b6e-a241-6165748cc8f3,Keep ctashing upon open it,1,2025-03-07 12:30:43,play_store,TIMESelfCare
3c592d15-f115-4486-9891-d7b4353284c2,"This app has problem, complaint more than 1 month still nothing be fixed. The technical support are seemed come to entertain, not slow but also no action and no record. So, complain is useless. Decided to change ISP.",1,2025-03-07 05:09:33,play_store,TIMESelfCare
708d28eb-4b3b-4a24-9bc7-c139d4441ef7,The app always logs out by itself. Please fix it.,1,2025-03-06 12:16:14,play_store,TIMESelfCare
c9f88ea5-4815-4f04-b6c1-52df43c0faad,Services suck. Do maintenance only to make it worse.,1,2025-03-05 14:22:04,play_store,TIMESelfCare
d286b187-f463-4f73-aab9-7ff1c7a6958e,Want to terminate account. But the option of terminate account is not there.,1,2025-03-04 05:46:43,play_store,TIMESelfCare
d6996094-4217-4809-81aa-c53ac5c3c3a9,Nak bayar bill pn susah. Tak boleh connect,1,2025-03-01 09:36:51,play_store,TIMESelfCare
7c15d9cf-24a3-449e-9f86-c01c407575cf,Ridiculous app!! Keeps logging me out of the app. What is the point???,1,2025-02-27 00:17:59,play_store,TIMESelfCare
57c9ef61-8170-4e29-bf2b-bdf25ed8ddd2,your live chat support is suck..not helping at all.. password reset function not working...,1,2025-02-26 01:13:56,play_store,TIMESelfCare
9c72dff9-4e4e-4cdb-98c5-f6ed8b96b83d,"You're a tech company, but I have to use different logins to handle multiple account:( please advise if there's any chance to 1 login to access to multiple accounts under same ID, thanks.",3,2025-02-24 07:52:11,play_store,TIMESelfCare
9eb6d99c-e7f6-4e1e-bcaa-6e953785cf81,Buggy payment page via CIMB or Credit card does go to the next page,2,2025-02-20 12:54:31,play_store,TIMESelfCare
8e5ae0ff-9632-4605-8136-1af02f1f67fa,Time so disappointed suddenly no WiFi,1,2025-02-15 14:59:16,play_store,TIMESelfCare
bef0937d-1a7f-450e-a31f-4c306a64e252,Internet unstable Menyesal pulak pasang 😌,3,2025-02-13 07:36:10,play_store,TIMESelfCare
51bc783c-5709-456e-bcfd-90d5c44a3fbb,Limited function.,3,2025-02-11 06:42:49,play_store,TIMESelfCare
2809f97e-ebb1-467f-ac91-32fab8ec5edb,Apps cannot detect wifi7 hardware. Please update,3,2025-02-08 12:41:28,play_store,TIMESelfCare
15ef41f8-bb28-4ec4-a2d9-4200560078d5,So far so good.No issues with wifi.Happy with the service provided.,5,2025-02-06 06:49:59,play_store,TIMESelfCare
c8b2f484-845c-4f8b-bc2f-a63ed0cb7486,Intentionally unnecessarily difficult to downgrade plan.,1,2025-02-04 14:15:03,play_store,TIMESelfCare
0e9b9085-277d-48bc-8282-335cefd47540,Does not support shopeepay payment,1,2025-02-04 12:49:41,play_store,TIMESelfCare
e438882b-b2ea-4fcc-89bd-356d77da6aed,So far the Internet/WiFi is operating rather smoothly touch wood no hic cups whatsoever.,5,2025-02-03 01:30:54,play_store,TIMESelfCare
da15e827-72ac-42c4-8196-546db4df75be,I have multiple Time accounts. This new app doesn't tell me the addresses for each account apart from the account number. This is a bit troublesome compared to the old app.,3,2025-02-01 02:50:49,play_store,TIMESelfCare
026ad882-c47c-4f9b-b8a7-0a196929f498,Good 👍🏾,5,2025-01-20 18:30:29,play_store,TIMESelfCare
d5374615-8e88-47b0-9d8d-e338cb790792,"Why my TV screen always show *Can't connect right now *. Please help. Is your 7 year old modem or router outdated? When open network setting, always get *limited connection* Pls response.",3,2025-01-19 22:21:08,play_store,TIMESelfCare
1cfdb88e-f363-48ae-8582-afbfc5553d83,Hell sir I like to payment at my ho transfer (coz I going to seven eleven 🕚 scan code not going true payment,1,2025-01-08 20:02:51,play_store,TIMESelfCare
b1f6923e-cf99-40fb-bc6b-25ee264c8e8b,"Fire the dev that made this app, its horrible and probably one of the worst investment you've made for an app. I can never check my bill from the app, and never be able to reach to support without having massive delay while connected to my own TIME internet of 500MBPS. How slow can it be to load?",1,2025-01-06 08:38:50,play_store,TIMESelfCare
4b50f87b-49ad-41d8-bc0b-4c604f322c23,Time fibre memudahkan urusan customer. Terbaik,5,2024-12-21 03:08:24,play_store,TIMESelfCare
9f7f5bd1-d689-4554-9c0e-8a8f17c5e1d1,"I've been trying to raise a ticket because my wifi keeps disconnecting but I can't because the the diagnosis keeps showing ""Good"". Need help fast",1,2024-12-16 14:04:01,play_store,TIMESelfCare
75ba3542-bb02-4ad5-9613-c841014f286a,"Lancau app. Build this app for what i dunno. . Run Diagnostic, status everything cannot be prosessed.",1,2024-12-16 00:25:52,play_store,TIMESelfCare
6b20a145-502f-4fc1-bc60-24a2d7f82ea4,"I wish to pay my bill via 7-11, please put me to the barcode for 7-11",1,2024-12-07 03:55:26,play_store,TIMESelfCare
6266b436-f78c-4515-9ea2-4b24511696b2,"Ada hidden charge. Sistem diorg yg mcm sampah, kita pula yg kena tanggung",1,2024-12-06 07:11:27,play_store,TIMESelfCare
a7f02794-b3db-4536-b52a-d76c8a2646eb,"Internet drops often, streaming issues. You try to raise a ticket and run into a chatbot that redirects you to the apps run diagnostics section. What's funny is the run diagnostics section always says you are not connected to the internet even if you are. Issues with registering for auto debit as well. Total waste of time",2,2024-11-23 03:29:19,play_store,TIMESelfCare
6bc16a27-d9c3-4723-a076-095a5de2f0b1,"Very poor apps, company this size still use WebView. Btw time fiber connection is really bad, only speed test site can reach full performance.",1,2024-11-21 06:23:49,play_store,TIMESelfCare
3dd7f89b-679f-4226-9c16-36a932c787c0,"What happened to this app can't log in can't recover can't reset password, tge old app was good, and if we ask help we got some stupid bot that knows nothing",1,2024-11-13 13:42:05,play_store,TIMESelfCare
c656d9cf-a870-4b37-afbf-4b6f98065700,"Terrible updated App. Got to enter info ONE click then it takes u out n u have to click the next digit/alphabet n it goes off n u have to keep repeating these 2 steps! Waste of time. Chat bot functions very limited. In fact, aftrr u pick the option, it asks u to click on another set of options. Latter only 2 options 'What is Self Care' and 'END' Very frustrating",1,2024-11-08 05:22:45,play_store,TIMESelfCare
a9c3e74c-0ad1-4bf9-9712-ee3ccac8bdc5,Please add date & time on the bill that is already paid in notification or transaction history. Can't even trace when auto debit has make because no date & time.,4,2024-11-06 04:35:39,play_store,TIMESelfCare
f28846f3-d222-40be-be03-0f8deec1961c,Very good,5,2024-11-03 08:38:07,play_store,TIMESelfCare
36930723-37d3-4533-803f-39462a7887d4,APP GOT PROBLEM RECENTLY !!!,1,2024-10-22 04:17:15,play_store,TIMESelfCare
5b242cc0-3e1d-4b97-9f73-e4012a9a0033,Not accepting Amex,2,2024-10-20 03:53:25,play_store,TIMESelfCare
15de2d22-722f-494c-9baf-af1f4e7c4293,"Seriously not useful at all, just use web better.",2,2024-10-17 12:21:59,play_store,TIMESelfCare
dca11038-0085-4694-b9a7-0384c57594be,Easy to use.,5,2024-10-12 19:22:10,play_store,TIMESelfCare
2885706b-364b-45dc-a182-baae89b2582a,Poor app. Bill update will slow. Not smooth!,2,2024-10-11 01:44:56,play_store,TIMESelfCare
33b942c8-907a-46a7-b0ad-6182aaea3e3b,Screw this app lol I just got time recently installed but I can't even control my router bcs it wouldn't let me connect to it lmaooo,2,2024-10-07 10:17:13,play_store,TIMESelfCare
44f0b708-c432-4232-9396-054f93077f1a,"Terrible app. Can't even detect the connected TIME WiFi. Unable to run diagnostics, the control hub is useless. Nothing seems to work as claimed. Unsurprisingly, the only thing you can do with this app is to pay your bill.",1,2024-10-03 08:59:41,play_store,TIMESelfCare
9d1124d2-f264-444b-998f-ee18a2db18a3,"Don't like the new app,so troublesome n difficulty to register...why username not valid???",2,2024-09-30 03:04:07,play_store,TIMESelfCare
38b2f35c-f4b0-44e9-9de2-75857efbe57a,"Payment with online banking response with blank page after approve secure2u, bank already charge but system not update it.",1,2024-09-13 03:57:35,play_store,TIMESelfCare
263afde8-68eb-4bb5-8e66-5fc85e1eda61,"Hello, why i can't register? I've put my account number and username, but it said that MyKad number is not match",5,2024-09-11 03:32:24,play_store,TIMESelfCare
166d4e52-df15-43e7-808f-f0d504cb0e52,Everything doesn't work here especially the limited information via Bot. No real person to speak to what limited FAQ ill prepared. True let down. Prove me wrong TIME!!,1,2024-09-09 13:42:32,play_store,TIMESelfCare
e47d6db4-c68f-41d3-ab7e-579c56d701fe,Not working it just loads forever and I can't see my accounts after logging in,1,2024-09-09 11:17:25,play_store,TIMESelfCare
2380b60d-86d6-40fd-9580-815cb2419d59,"I can't login my account, so many times I try but still same",1,2024-09-02 19:46:24,play_store,TIMESelfCare
52e8cc72-c7d4-4a50-b3f3-4a0d505eb12a,Keep on repeating pages.,1,2024-09-02 13:41:37,play_store,TIMESelfCare
692afb3f-c979-4e44-aeb2-a3fd09cc18d7,"Ever since moving to this new app, transactions and bills are not automatically updated. I need to logout and log back in to see the update",2,2024-09-01 14:59:29,play_store,TIMESelfCare
955de48c-a21c-4727-8d46-6d9dc1774f27,"Unable to make payment, why need to download this new app, which is worse than the previous one? What is Time thinking?",1,2024-09-01 05:24:25,play_store,TIMESelfCare
feb1125c-0f05-4bc9-b126-f3e4a99a8735,"1) No notification via app nor sms after bill payment has been made. 2) Also, took some time to update payment status in app dashboard leaving me wondering whether payment is successful or not. (Not instant) 3) After payment status finally reflected in the dashboard, still the actual payment date is not accurate. It just shows ""my last payment date"" is on my bill cycle date",3,2024-09-01 00:27:39,play_store,TIMESelfCare
32dde8dc-4c6f-40ee-a92f-dfaafc866162,Good apps,5,2024-08-29 09:52:33,play_store,TIMESelfCare
16fc9fe8-40bd-4f24-af53-c45fc0d7159d,Need to update frequently.,1,2024-08-26 12:26:25,play_store,TIMESelfCare
cccf2524-30d4-4919-8f6a-e79b721a6fc0,As i have downloaded before it still requests me to download to the latest app every time after i have to sign on... what a lousy app,1,2024-08-25 11:50:41,play_store,TIMESelfCare
3fa47f33-7873-48b9-a781-777b216ff892,"status connection blank, cannot run diagnostic, cannot change/modify/edit wifi password manager....etc..only can look for billing...even status broadband update to 500mbps, my current speed now also below 300mbps subcribe...",1,2024-08-24 12:17:18,play_store,TIMESelfCare
f88dfa54-ff4a-45b1-9ab5-708045e283ef,Cant even register. Mykad not macthed. But there wasnt even field for mykad no. Adoi. uninstalled,1,2024-08-24 10:43:23,play_store,TIMESelfCare
e74e81b1-4902-4eba-8cf4-5ad29dcb103d,Time Fibre Home the move Fast Internet👍,5,2024-08-23 06:48:07,play_store,TIMESelfCare
00ddd6bb-ffe8-4d98-bd9b-ea3b7aa883dc,Bad experience always pop up said information no match,1,2024-08-22 04:09:54,play_store,TIMESelfCare
1993240d-c13c-4a8b-8b02-cbd72b81b599,"The new app is much better than the old one, especially on the WiFi Managwr features Thumbs up! 👍🏻",5,2024-08-21 06:14:49,play_store,TIMESelfCare
a618c5ff-c0cd-49ba-9959-e5f9507a3db8,Can't install in Mi Android phone,1,2024-08-20 11:38:55,play_store,TIMESelfCare
15dbace2-58bb-4a7e-baf8-98d463a2865c,I tried to log in but it keeps saying username or pswd do not match but I can log in via website on my laptop,1,2024-08-20 07:23:05,play_store,TIMESelfCare
6b3cf3d7-c9f9-48ae-afdd-4de2a45a6dd8,Getting support is critical for this kind of operation - so please make it easier to get help directly by having someone talk to customer when customer finds problems with the service,4,2024-08-18 08:44:35,play_store,TIMESelfCare
c2076e08-e688-40e1-a325-11bac464c046,"Every time I try to log in it says ""process is not successful, try again"" and I keep trying again but it says the same message even if I try again 1000 times. The app is actually useless if you can't even log in and the only solution they tell you is to try again. Waste of my time.",1,2024-08-13 22:22:16,play_store,TIMESelfCare
95acdacd-0a54-46af-b722-a93468e79cdf,"Seems to load faster than previous but being owner of a few time account, if you can put the address of the account on the front page, it will be easier to identify which house this account belongs to",4,2024-08-12 16:38:31,play_store,TIMESelfCare
352684b0-f68e-49dc-907f-ef5bc2958599,Cannot show safed accounts and passwords in Google keyboard suggestions,1,2024-08-11 17:29:06,play_store,TIMESelfCare
acc26ac0-d205-4fad-97ec-578eaccae519,Why no notification for bill arrival? It's like you guys don't want me to pay my bills or something 😞,4,2024-08-07 08:21:00,play_store,TIMESelfCare
5c76b5d5-438e-4604-9126-6500acb20325,Very good,5,2024-08-07 06:53:53,play_store,TIMESelfCare
6b333259-42e9-485c-af13-191424291ec9,"This new app is even more horrible than last app. After i'm done with M2U verification, the app just turn white. Nothing happen. But the transaction already gone through. Makes me wonder why your app is very terrible compared to other ISP",1,2024-08-04 12:41:39,play_store,TIMESelfCare
04261cd3-3e07-4263-9b92-c3ff445adf3c,Efficiently inform us about the internet problem and estimated recovering time.,5,2024-08-03 01:28:41,play_store,TIMESelfCare
c7dc2b3b-3792-43c5-ad6e-f96f0ce7fd89,Latest bill n payment were not updated accordingly.,3,2024-07-31 13:33:28,play_store,TIMESelfCare
cfe7668e-c034-4dc8-8850-4fe74d351c11,Very bad service always Lost signal internet,1,2024-07-31 09:22:35,play_store,TIMESelfCare
59fe8782-01f4-477a-9614-1e4ffd7643ee,"After updated Time apps, it has not shown the latest bill statement. Try to chat with customer support..but failed...",2,2024-07-29 11:21:15,play_store,TIMESelfCare
d189229d-a0a1-451d-89f6-1f4f2b91b9f1,Better than the Time Wifi apps before this,5,2024-07-29 07:03:43,play_store,TIMESelfCare
34f16ba3-e5a2-44c0-9dc8-bda8bb617050,UI UX improved a lot from previous app,5,2024-07-25 15:54:35,play_store,TIMESelfCare
e312b62b-ca9b-4901-8816-07b3cc8719be,This thing sucks.It keeps saying our WiFi is suspended even though we payed fully and they're asking for more money.I got my first tp 4 because of this stupid greedy app,1,2024-07-23 08:03:26,play_store,TIMESelfCare
9f968687-a7c0-40d3-b87d-d2571c3de543,Back button is not working to exit the app. Please fix it asap,1,2024-07-15 13:13:20,play_store,TIMESelfCare
c3a92186-214e-4f92-8691-603b15767136,Buggish. Unable to register. Kept saying insert account number which I already did and I'm very sure I have my account number right.,1,2024-07-14 04:47:08,play_store,TIMESelfCare
0f91d225-5e4f-459f-9303-1b2dac2fc35e,1 star for your unstable network,1,2024-07-11 00:41:11,play_store,TIMESelfCare
d5a53dde-f2a4-4d0e-a09a-66583ade9760,download it twice. cant even register. it keep asking me tu key in account number when i already key in the account number.,1,2024-07-10 18:21:07,play_store,TIMESelfCare
e20992ae-e6b3-4e6d-a247-98cb83b32367,"Can't log in with username from previous app, neither can I register, keep getting - ""please enter account number"". I did enter it. Duh! Don't see why you need to create a new app. If it ain't broke, don't fix it. Please fix your new app.",1,2024-07-10 13:18:45,play_store,TIMESelfCare
b76bf4df-7383-4b24-8299-0aa8c9d8e055,"I have more than 5 accounts, I can't scroll down to change account details. Please check..thank you.",1,2024-07-10 08:09:49,play_store,TIMESelfCare
a76b2eee-17c6-4fc7-afa1-76204d399a1a,Why now no received the receipt?,1,2024-07-09 13:31:30,play_store,TIMESelfCare
341c2cee-e691-4954-b29e-8d3109000262,Apps tidak boleh settings parental control atau mana² settings,1,2024-07-09 02:50:58,play_store,TIMESelfCare
fdfd981e-acbe-4a0c-9206-7c9bca478fe5,"Very intuitive and helpful app, love the refresh look 👍",5,2024-07-07 11:42:27,play_store,TIMESelfCare
f2f010b9-2d60-4e13-9fd6-7b8fd1e81751,The home screen doesn't show anything,1,2024-07-07 11:41:39,play_store,TIMESelfCare
d490936f-a34e-46d6-bbb5-90c19201f6e5,All good,5,2024-07-07 09:32:11,play_store,TIMESelfCare
c7d0a272-c8bb-4946-a084-2b0763004e80,"Nice UI! Btw, I used to have 2 accounts and the terminated account appears in this new app instead of the current account. How to update this?",5,2024-07-06 14:23:34,play_store,TIMESelfCare
c0b027e1-aae8-416f-a9fa-37b5de09b0f3,Is suck when make online payment,1,2024-07-06 06:20:35,play_store,TIMESelfCare
0699b605-ec80-499a-9c21-2fadfde92c47,"Install this new time apps already almost a week,still now can't login my account or do the register . Put on ”please enter account""😡😡",1,2024-07-05 14:36:37,play_store,TIMESelfCare
b8440808-36c7-4053-bef7-82ca2abc8180,"Can't even login with previous credentials, and when I try to reset password, it says it can't find my account. And now when I try to login through the website, it says invalid account and password even though I'm using the old browser-saved credentials.",1,2024-07-03 13:27:57,play_store,TIMESelfCare
e8c93ae5-0ced-4612-9084-3fa2e112d4a8,"1. Forced me to wait 25 mins for your live agent to reply. I'm AFK for 5 mins and your agent couldn't even wait and closed the chat. Useless system, at least keep the damn chat open! 2. Stop creating new apps for no reason. You already revamped the old one and it was fine. Even if you have new updates, I'm pretty sure you can do the update on the old app instead of creating a brand new one and forcing people to download it. Why do you have to follow the banks and make new apps unnecessarily??",1,2024-06-30 06:40:05,play_store,TIMESelfCare
0a3a7681-de8f-42b8-b3a6-abb31943718c,Love this new app! UI/UX is awesome. Smooth!,5,2024-06-28 14:21:23,play_store,TIMESelfCare
eb22239b-4525-4cc6-bd63-0b020a8ec556,Good,5,2024-06-27 13:05:43,play_store,TIMESelfCare
2dbb2ac2-75d9-4ae8-8896-a132c080cfb6,"Having bill number and showing paid is more than enuf, the approved is redundant and unnecessary. Plus your support is very rude, wasted my time",1,2024-06-27 11:38:19,play_store,TIMESelfCare
b613d19b-a3ef-4917-a92f-5bb6eb264f94,"The latest app cant let me always error ,i cant even login,the live chat also useless im very disappoited with this kind of update",1,2024-06-27 05:19:41,play_store,TIMESelfCare
f7bddef4-9c2a-4215-b886-025d91e4b4bc,terrible app. The previous app is much better than the current one. Can't detect the internet correctly.,1,2024-06-26 11:50:36,play_store,TIMESelfCare
92f791b1-81a3-439a-b073-929aab36b046,The WiFi Manager tab is practically useless once you swap out the provided router with a better router. Been using TP-Link's Tether app to manage my router since Day 1 anyway. Everything else is good as expected.,4,2024-06-26 04:36:16,play_store,TIMESelfCare
54844378-0458-4465-aaad-08416e4edabb,New face but still same old sluggish app!!,1,2024-06-25 04:00:04,play_store,TIMESelfCare
3e7bbbf5-9119-4aa7-9518-b577aec096a8,N/A,5,2024-06-24 23:48:23,play_store,TIMESelfCare
d5e8ab5e-6a1c-4d67-b7a9-594799aca307,Superb,4,2024-06-22 10:28:51,play_store,TIMESelfCare
fd24474a-9651-468e-ae83-d30179e14090,Loving the new upgrade! I can see improvements both functionally and aesthetically. Thank you!,5,2024-06-21 13:34:29,play_store,TIMESelfCare
b1a1b8f3-e24d-4649-b832-35fc0d3aa2ec,Why i cannot register it keep asking me my account number. I already write it but still keep asking account number,2,2024-06-20 09:41:33,play_store,TIMESelfCare
d09e9c4e-ee31-4407-bbdc-471968cce0f6,"I cant register. Although i already put my account number. It keep showing ""please put your account number"".",1,2024-06-18 14:15:38,play_store,TIMESelfCare
37ab47aa-fbbd-4cc8-87a7-239c50ce8e5f,"I am existing old app user and able to use it smoothly. I have downloaded this new app, unable to sign in using my credential and reset password failed. I have tried to register new account, it keep giving me error of please fill in account number, but I have already fill in. Tried the live chat, and the response is very very slow.",1,2024-06-18 02:37:03,play_store,TIMESelfCare
b4925df9-ee34-4c60-8a94-801293efdf13,Payment doesn't work and it gives me a pretty json saying something failed,1,2024-06-14 11:17:57,play_store,TIMESelfCare
263ebfd0-06af-4902-9104-6bd4863b720f,This app taking so much time to load user's data,2,2024-06-14 10:28:49,play_store,TIMESelfCare
ab629e32-264a-4703-824b-5c4aa516487b,"Register problem, keep asking to key in account number",1,2024-06-12 16:23:53,play_store,TIMESelfCare
2a07f1b1-d8a8-44d3-b954-d41f7f9de5cd,The new interface looks very nice. Kudos to the developers! 🥳,5,2024-06-11 11:53:39,play_store,TIMESelfCare
1453edd8-a4bc-44d9-a73b-150d94278c97,Wifi manager not working,4,2024-06-10 01:53:14,play_store,TIMESelfCare
3fad1113-f2cd-41f5-8a7a-9b0b591b2f18,"Better app interface, faster response as well.",5,2024-06-08 15:55:55,play_store,TIMESelfCare
bed0429a-bbab-4023-9d6a-f9691bf99737,"Nice interface, I like this app. Options and features are so good, Keep update like this.",5,2024-06-08 03:42:56,play_store,TIMESelfCare
9d605ff0-c737-412d-83ef-7047748612e7,These new app is better than the previous old version of Time App. Nice design and able to see the receipt payment up to date too. Old one it does not up to date.,5,2024-06-07 11:12:20,play_store,TIMESelfCare
1e15df78-115e-4b2c-a131-078b22d0ba4c,"Better ui/ux especially on android, feels smoother and faster. Prefer this new app than the old one.",5,2024-06-06 17:28:29,play_store,TIMESelfCare
f8e8d87c-dfc0-44d6-aab9-83bdca59e02b,Poor app,1,2024-06-06 14:03:16,play_store,TIMESelfCare
91311598-f238-4e6d-8c09-e409ac213860,Definitely better UI UX than previous app. Great works,5,2024-06-06 06:50:25,play_store,TIMESelfCare
29c288f2-af65-43e7-b423-1170f354d785,"Love it! Smooth settings, clear user interface, fast application loading. No complains but only praises.",5,2024-06-06 00:07:25,play_store,TIMESelfCare
4f4c46da-d6f8-48ab-a684-239b35e93e9a,Nice UI & smooth compared to old app,5,2024-06-05 13:19:15,play_store,TIMESelfCare
8dfd63db-5b02-46e4-9111-548d40e617fe,"So far, smooth takde issue kecuali nak register problem.",5,2024-06-05 07:58:56,play_store,TIMESelfCare
503ae085-8617-4fc7-b5c1-f125c7030bc1,Apps very good but How to out from this app after use.. No respone,5,2024-06-05 06:52:08,play_store,TIMESelfCare
df493700-8419-4d8a-bd18-0933c75f0b16,"Very good user experience! Superb upgrade from the last version. Feel faster and smoother. Being Time user myself from 2018, I love the new wifi management feature. Give the designers and dev team 10 stars for incredible effort!",5,2024-06-04 01:55:46,play_store,TIMESelfCare
b5bede65-dedf-454d-88cb-d17411ca0816,Love the new interface. Fast and easy to use. Love it😊,5,2024-05-31 12:48:07,play_store,TIMESelfCare
